filename,text
qrcode_00000.png,Y/EXqc7/OHdr
qrcode_00001.png,HUAy.J
qrcode_00002.png,"79e0g_heb,2.XCI"
qrcode_00003.png,@MDSnVWkrtjp-R--5hsWIARks
qrcode_00004.png,"4 ,eWayqR-7S9IHiv"
qrcode_00005.png,l_HBP0D.OEDZ0xh@N PeS3VwQna1rdSo
qrcode_00006.png,HI_Q5MHaA5j
qrcode_00007.png,"ftWnTom:hDxy3UG,jJHV"
qrcode_00008.png,SIOW8-x7_tLurT00
qrcode_00009.png,PN9ZqDvr@WWC cRB.KAGZKM8
qrcode_00010.png,g/OcsfrfAMXBhrJtrKyT
qrcode_00011.png,"77bNjFw,Jm.hEbe9ol1TYST3Pi"
qrcode_00012.png,odmOO.RdqLe5loixYQ9o@79 ZO.@mVvY
qrcode_00013.png,il3F:x4XYm
qrcode_00014.png,8hTV47.VMwqsffkB
qrcode_00015.png,6_ IECRbI7wBwB-XehT
qrcode_00016.png,"m2O,auT,M"
qrcode_00017.png,p3Pn8xaZahRj
qrcode_00018.png,/_rT
qrcode_00019.png,lPrCX5E
qrcode_00020.png,uk5W1PvvI762
qrcode_00021.png,e2RkW0
qrcode_00022.png,"ale3GOt6YQkdy@A@iVV,G@H7"
qrcode_00023.png,Yr4S
qrcode_00024.png,"kci,@P6L9sqhN4yG"
qrcode_00025.png,VDEI1XIC3knhkg
qrcode_00026.png,Zg2lN0XkCjsdB3/H8LS
qrcode_00027.png,cGJgrejlDsDWIs
qrcode_00028.png,jnonR6knIuLp/1MTr0mGVZPSB
qrcode_00029.png,hu7/-pO@S
qrcode_00030.png,dm1GFcp8Fa6JgMPBNSo_hT
qrcode_00031.png,qonwFffgxVgL.
qrcode_00032.png,WDgi5E
qrcode_00033.png,O198m9ZqZ1 XqE@
qrcode_00034.png,Nd8b
qrcode_00035.png,dk_A9oV-33 I2Sbo
qrcode_00036.png,6g-vc4L2jS
qrcode_00037.png,N4YtGTpnzYIAOB/PJBhfl6Fl77l1O9kw
qrcode_00038.png,b1 Sy
qrcode_00039.png,1F w_Bb5bPHMlZb@
qrcode_00040.png,"R,wzX-_kh,tWCvy3R  O"
qrcode_00041.png,"CC3sXpVEWqRojMBj0re,EM5RB"
qrcode_00042.png,3UW-vI9LX:CMCfNH
qrcode_00043.png,Okp3fjzUekqDLd dAj
qrcode_00044.png,R5Mfb_n76Fz7V
qrcode_00045.png,/wZuixd9dQ91J5nusx
qrcode_00046.png,"s2Nth,hbh"
qrcode_00047.png,0pkeo@0prta@_H5 :TYmPLmYbOl8
qrcode_00048.png,@AWjBPIsJ_lxBf
qrcode_00049.png,"0nGu,_zoqIcq76y1IRf/E7/"
qrcode_00050.png,"W7ue6mEv3sPK40,Yd"
qrcode_00051.png,gkZ.u.xbnC5Ai@W jC:BUELWy2k 
qrcode_00052.png,jDrjmJnJlvGTYNns1XDaZ@g1vhr/
qrcode_00053.png,"uMvP8xLqMkA4EL,QqKeI_tND-MJ."
qrcode_00054.png,",@kG:,3Ro-NtNFI79V"
qrcode_00055.png,:W- p:7zspbAH1BkPPAdWXD49:B4482
qrcode_00056.png,VWWQ 9G6.b.8P
qrcode_00057.png,z_1flh38ST
qrcode_00058.png,qZDWHYCIe3AS_xVA/.rIaN:BFn2_V 
qrcode_00059.png,R6rBgDNyHUXkIUzp
qrcode_00060.png,vX8QAh F0B
qrcode_00061.png,fehA8_KJoYvQve
qrcode_00062.png,k6Djw4lH9lGefpxENwbm
qrcode_00063.png,F8n@:LPt0zi
qrcode_00064.png,dJ8H@lMbEXEFZM.@xuC
qrcode_00065.png,/9Ed8B1-5
qrcode_00066.png,TFxFWMFb
qrcode_00067.png,/GNmHHZB/OhR
qrcode_00068.png,iCU26-rblE_y/EH
qrcode_00069.png,"C5wpA,dJruKp:d/J96:/eJ9V:7"
qrcode_00070.png,MlDqFrIGI2uF7g89CS
qrcode_00071.png,CWU8-p5J5Y7QmdFwW
qrcode_00072.png,4ydGAG/ xQ5fBWQR3p
qrcode_00073.png,a@V/BLUVKKQ3-Zf7Gf.KPano 4b85l7I
qrcode_00074.png,eI74pef/Jup4CxOOdl7F39MgcKWZ
qrcode_00075.png,wnUTRHJN2dYue 2
qrcode_00076.png,hktxCuWEJx2Ip4kaB12UAgvK:eE
qrcode_00077.png,EQyWEwc
qrcode_00078.png,0O/tavdw
qrcode_00079.png,:tP32956GAWyQfOzKPh
qrcode_00080.png,"zWyTGqVpe_U5lMv@,Y/2vbGo6nUup-E0"
qrcode_00081.png,"VOyK0VrKuEFKYrE-X,0,lAsKdLH"
qrcode_00082.png,6Q:6AN11 e
qrcode_00083.png,E1S@/U5Z/OyF-BHaxEyZvup
qrcode_00084.png,"r,g1Q2gI37XRns"
qrcode_00085.png,"ph7W_Z8Yz7lhK/z97qlNNYMX,:ae_,"
qrcode_00086.png,L1vxLWBpjd/NLgA
qrcode_00087.png,g0aU.QF0OPXZ_Le.9I1
qrcode_00088.png,LXzFo
qrcode_00089.png,ucj0/
qrcode_00090.png,.p/b1pr_3oWRSkN@k-geItiv:-8
qrcode_00091.png,kJuzIl:a/iEx 85/
qrcode_00092.png,",F9KWs9@2moAbhpGw"
qrcode_00093.png,Fs1GW3r1QbTcDG716m-4pOMftzWqE
qrcode_00094.png,:Ufl4fK9xRuZY 5jpaYu
qrcode_00095.png,0CMWD.sJig
qrcode_00096.png,"nFwm7V4vsEUcn,Hjrhlhl"
qrcode_00097.png,gBOgSlCTXhwdEbxXDqApYIICSf0sR
qrcode_00098.png,VU.9
qrcode_00099.png,cPmiu_fmiWrhvl__Mz.37/eje@S@X/I
qrcode_00100.png,"cM,D:/WTF:8P,BIbwAl@2-"
qrcode_00101.png,9Pd@FOajTaP4TuMrXlH
qrcode_00102.png,hCyh5QLN yg-OuTbwFvofeVZ:C
qrcode_00103.png,-TnfTl_-674l
qrcode_00104.png,fhETYHXtCp4R.MFBI JO
qrcode_00105.png,"AlSHutNq04skMcp66w@,"
qrcode_00106.png,JkU-Sr O
qrcode_00107.png,"YE7RSM,ctT@JRbTEIl.mfq2I4@P"
qrcode_00108.png,1pRU-W2VUCc8OC5M2oPWqaZ-ekzU6
qrcode_00109.png,WZ5T
qrcode_00110.png,T6@gOgjWKqVwX/29 7-DHPpD93pcN
qrcode_00111.png,Ej5he
qrcode_00112.png,NnN8c59odvN0g_RJccN
qrcode_00113.png,"@jE,"
qrcode_00114.png,6K kL80X8Y7rIypuAVeH
qrcode_00115.png,lakgjC
qrcode_00116.png,j.6GvrvFAF5ioMWj51Lcr
qrcode_00117.png,"2Iw:X7pOEMw2,kOh71I6Qe"
qrcode_00118.png,d461QHj433kcDq
qrcode_00119.png,"uIY,aavGjlLjPcMCzS"
qrcode_00120.png,Qhd7Yfk2vg8@@
qrcode_00121.png,"Ksc,cuwiaBiFGy"
qrcode_00122.png,mBPE
qrcode_00123.png,XPI3uF/5THu
qrcode_00124.png,"N56S,LH7 :XuE0ehAdPYb"
qrcode_00125.png,"0tDLh3c5TO,t.FhxqGb3"
qrcode_00126.png,"6DT1X_q,chxD6q2yGK:y:VxoI,W/@2"
qrcode_00127.png,/ bsnLQ6G6ctC3PE-UHSpYsCO
qrcode_00128.png,tJR2d
qrcode_00129.png,"DndKA7ak Cb:ugAsyvopgghd0i@KT,x,"
qrcode_00130.png,ekSBNFe
qrcode_00131.png,M2jM8mu
qrcode_00132.png,.H:OQYDvao-vYjLq
qrcode_00133.png,"dP,6QTzKyYjYhcA8S4oFSIUEHg.0o8"
qrcode_00134.png,QnpR4lpxfLHP
qrcode_00135.png,23GTdktbuwtRC-_q4N5t/oy
qrcode_00136.png,"s@fMup3 N,oQZ.qjq:zqT07"
qrcode_00137.png,EugNR5CY6nscQvRElH
qrcode_00138.png,3i535n
qrcode_00139.png,xnVoHO6XlN/rL VnGxy
qrcode_00140.png,FKHM4RPqKR/A5QsroGvCB.kHdG04
qrcode_00141.png, Xx_JNklXZ-ejN1ivo0F
qrcode_00142.png,q@8J7uziOL-vrKet
qrcode_00143.png,KREC
qrcode_00144.png,"6ew,WSgMkjR "
qrcode_00145.png,eIJV1p
qrcode_00146.png,"djHR9m.RImPV/x@,mGGXm.LTE2yG"
qrcode_00147.png,"Qp/C6_aAqiBRLF1u7.a,vWum/Z"
qrcode_00148.png,P/s8Hr0:bSnMB/aYbP
qrcode_00149.png,VSn7@/Bl9GQeNXlIxmGvV0eL
qrcode_00150.png,:S splil65oON4mJc
qrcode_00151.png,3AMr:7YP_CXWAAKNetn
qrcode_00152.png,"bX27s/nSm5TK6O4o,hdOLGCS"
qrcode_00153.png,"QOGahkreUmT22UPApYkIc,-Cj"
qrcode_00154.png,"dx,Fi:kXnMx2X1IBCP0"
qrcode_00155.png,qg/XynUfgdK7:-@3DBuS/8 d2 vpPKwW
qrcode_00156.png,M0jW
qrcode_00157.png,"nmUEV:,10UAD6y"
qrcode_00158.png,jIah:lf9Fc ty97Nhhbw8:XgCnL_K
qrcode_00159.png,q1iQxabzVuF@W aWb-.XQaVfHH19z@
qrcode_00160.png,"1ui,xaXz.8F_klHCriBncM l"
qrcode_00161.png,n/n6
qrcode_00162.png,qo..hduCnzGVigZvCxfmEb@Uw37x4@wf
qrcode_00163.png,Yajod
qrcode_00164.png,NT9hTM64EKww:uK
qrcode_00165.png,t0uJZD6D.ZAD_Ne-0Ban.jrW3
qrcode_00166.png,zMOc2nxrQIe2fl5oqSfn9Wq84
qrcode_00167.png,"kBGVmxDEhBrC4,:xC"
qrcode_00168.png,"2qFveGvLvbTv mB@Iv,"
qrcode_00169.png,7QIzQdJCPT-4/g6Gi_QB4PFbl7n:Ai
qrcode_00170.png,"V:@pUmVThinsDfgktPaszZCJR:f,GJ"
qrcode_00171.png,LK9_hD 6eKbD
qrcode_00172.png,pul1uC_B39L
qrcode_00173.png,uE.gb
qrcode_00174.png,w.vV-HL
qrcode_00175.png,g:A-wB53-KKMxa6TAdWHEF
qrcode_00176.png,/U/Xp0eH
qrcode_00177.png,5agV6QIuaLxE
qrcode_00178.png,oF9Y:
qrcode_00179.png,"/CQ8SxIh9f,xf5z"
qrcode_00180.png,-ul4P75fOdEz_bUf@h6z6L
qrcode_00181.png,"tWzoU-GPMKNS1_U5LHlH8,oE7UxP"
qrcode_00182.png,7Vmt:htFRtS-4IeR1djmeIs-KUjm
qrcode_00183.png,"fg.jBw,telyp6eY"
qrcode_00184.png,nN.nnYp81__jtJhkkr
qrcode_00185.png,ldhG4t0WH/GFTIx/G.8IQ
qrcode_00186.png,zqj 1.M@uUIRqgGJv1 uFIYS2wbVk
qrcode_00187.png,"XQDE,oXy6B8nycrhUwAX7F2kf"
qrcode_00188.png,TtJCbsXCRb m-D
qrcode_00189.png,9L/O 
qrcode_00190.png,"1Y3KBLU1KDab,ezQq@YGPOVsP"
qrcode_00191.png,-YG/Ldgnf
qrcode_00192.png,"F6I3m-Cqu6Dk,8slbYQ:4jCPzk"
qrcode_00193.png,"T9,JTM:"
qrcode_00194.png,"v VGYtG,"
qrcode_00195.png,vrohAwJJeyajfYix9drQYCEAf6S/V
qrcode_00196.png,dDwC
qrcode_00197.png,"BgZ@73,_SMpOpWX3aq2"
qrcode_00198.png,eFg1r
qrcode_00199.png,"eB5UyY1moSz:1n:meLysQuxNe_,qhH-"
qrcode_00200.png,LzaPouI-iFMggR
qrcode_00201.png,2JwSLJHmKhnZrT5L7vVlIn6JgA@vi2y
qrcode_00202.png,"-qan/xRKxCKUDG3J1hDGXrB,"
qrcode_00203.png,el9JmPFMcU4zk-0
qrcode_00204.png,"2fp_T3.Es7IBMN-Tce,z:Gqa3,1fac"
qrcode_00205.png,@NoL2W
qrcode_00206.png,A8bWbGzjkQZq2EXGAv
qrcode_00207.png,"Jrw92wza@,X:4Cr"
qrcode_00208.png,B@F1TRPtb8pSD
qrcode_00209.png,"Ft,MBRhEW23JHtbon5j4bMeB"
qrcode_00210.png,RYGWMglfdaPfw6dd8XjGfJ jne2RFZ5/
qrcode_00211.png,"n72pk5wG/p7nvW,4xsCAH:"
qrcode_00212.png,6xOf8pNDgJknkJxFYkdz
qrcode_00213.png,Q/dRFOhLpL70Jfef
qrcode_00214.png,"XudD0qedbcmV9T1,"
qrcode_00215.png,"6Zx,j6M"
qrcode_00216.png,oI8Gh4nh:
qrcode_00217.png,a/GqrDICO7b:SLD1Zrk8Ri
qrcode_00218.png,4K0m95pGz2/
qrcode_00219.png,jWS@P:bMChTQ4NzXtFd_n0NLP2E
qrcode_00220.png,-p1_-TXt1UWB
qrcode_00221.png,"/TH2R,.qPnGdV6HKjoo_8"
qrcode_00222.png,r.NpG5D
qrcode_00223.png,Z@bmCz_7F
qrcode_00224.png,XnueOjyxqibj4:IrQOet.LL/0
qrcode_00225.png,xrfSFg zI.7n95IXVSr86i4YkGY3
qrcode_00226.png,_ssbfvWvSq@
qrcode_00227.png,"us,4q8LNwQIZv@uVZ"
qrcode_00228.png,Bf3PXH_Z_OVN6sxRutU3av36lA8un
qrcode_00229.png,ouIeNC1M8w7InBJ_v
qrcode_00230.png,"Hyo6@,5vThcwaAuan,SIdEY_J"
qrcode_00231.png,q8Vh tbfb-t:YO8tcMhJgB8_v8
qrcode_00232.png,":Mz0uRXwFfCJ6l,"
qrcode_00233.png,R9HUHgNNNR0ts:
qrcode_00234.png,"h6-E2,AE32oKq@ruhavjrezI6.ZLBj"
qrcode_00235.png,1oKKlK@JkT.
qrcode_00236.png,2W2yhCBu_9lgVv_HBe
qrcode_00237.png,"niDD,7N6fJnugAW/:t"
qrcode_00238.png,CkL_q3-8
qrcode_00239.png,"ur,ZbVP2TAmivKgcnZ/x1to4Uqhg552"
qrcode_00240.png,qai_f:W.3OL3tf_tGEFy
qrcode_00241.png, mAX5jM3IJUDxLQ@0Qz
qrcode_00242.png,O1o.7aTe
qrcode_00243.png,r:Tnqsy3ifYnHh-mCgKkhWx8OA7lC7
qrcode_00244.png,HEd0C0rHxfC@Dy
qrcode_00245.png,qs.qHBLWxjDK
qrcode_00246.png,xwQbi9_Zw-SwpjY4U@JJAmNptcT
qrcode_00247.png,FfwEVZGy08TsPbEYCBHnv8TJ-AvXWLVV
qrcode_00248.png,"1AAo7bnnG3iongV,tf4"
qrcode_00249.png,.8KGq4 -X/3dFCQsZRzTd2dgeRB5VL
qrcode_00250.png,0H6GGuH-BwicKO.FoI94tSIXzUh
qrcode_00251.png,"0Nym@EgqK,FoW"
qrcode_00252.png,-p.vN4K
qrcode_00253.png,51mz/.Xdca1Yk
qrcode_00254.png,UdH1ACB7.BU_M0yFFSE4t..
qrcode_00255.png,SB_qPK6r-a-
qrcode_00256.png,rNICb6cZ0buKQ.@-ogR4Y-HX
qrcode_00257.png,Gz// jdsmE6k
qrcode_00258.png,GtkL9TaPmGKA5LAGbEBFR9Z6v
qrcode_00259.png,OMt/PLOsoH4D1Z
qrcode_00260.png,IeTcFC38_B1ao2e03AV :Sx2sbPEgSC
qrcode_00261.png,"Yv,y,/1x4/rHq:@M"
qrcode_00262.png,eatTeM04lWE
qrcode_00263.png,cxP9G9rCto@icLm@
qrcode_00264.png,7h4Bh F7Uk_84@
qrcode_00265.png,"dQqoKv,Dx-Etxmg49Sko."
qrcode_00266.png,Ff0MT
qrcode_00267.png,"Fx40NIOwigDU,6Z9UAl"
qrcode_00268.png,vPZGb 
qrcode_00269.png,"5jx/ipA9oDVMBwHoXXbmhg,BUxSY37r"
qrcode_00270.png,"poN:6Ot3,y/wS zM:Ua"
qrcode_00271.png,"F504v100-CA,i"
qrcode_00272.png,mhHLWgi Wz3L-Yek-9Lm575bOqGLRJ
qrcode_00273.png,z-HCr5TbyZIj@Wv xoaUwKrKvML
qrcode_00274.png,uySuA/nWhMik5rt6Qi2S5Vu6 H
qrcode_00275.png,XtbRZCv@fAtGVJXnnY9wOu2KIu95oPR
qrcode_00276.png,K8DqE39kKX/tbIuzjcE
qrcode_00277.png,"GRhlLya,xUuJ"
qrcode_00278.png,WowTy0tPDt.xal
qrcode_00279.png,zRuq
qrcode_00280.png,GH30n5yGr5ns73r
qrcode_00281.png,F1tv
qrcode_00282.png,XsNnsDbfd -b3IU@yTj:JZ9xgF
qrcode_00283.png,3 Y.NS 09VaAL@z_jsrw_e5rrtrEN6z
qrcode_00284.png,"GPs8b0sw yPNg5BFVdz_X,mAlU"
qrcode_00285.png,I/A7vjIwC4TUM@meTKq@/
qrcode_00286.png,ue8kI54jNBuV/g
qrcode_00287.png,gDGgor732
qrcode_00288.png,Nt_BLgIxALKt
qrcode_00289.png,3P.P321nXA:d7EwW
qrcode_00290.png,:-VFG.eg.ZTMAFcWZCJGL3
qrcode_00291.png,"Tu_rkaoqg,qrHfxNgHXd .WmOEArX"
qrcode_00292.png,"2Hsb0YuR-6miWBK:L0GB-,,"
qrcode_00293.png,OqM3L@ca3x
qrcode_00294.png,",de/"
qrcode_00295.png,"Xbo/4-n8/7nC,A-sbtc8TnNMs"
qrcode_00296.png,bvqjo84LJAH9tGneCfQWs
qrcode_00297.png,QT8r7rSv
qrcode_00298.png,AzYQR6BY-um3Lh.WzCUm6.hCaM
qrcode_00299.png,7dICiL9eQTtci_Nu9
qrcode_00300.png,6S7Fos_2Nv89-iYXddPXX
qrcode_00301.png,5Z-xh0y9..wl7 h-
qrcode_00302.png,"n45,vv4kbTPR@a71oXqNBZZrIg@"
qrcode_00303.png,C.SrPqgUSgR bamfd2aJzl
qrcode_00304.png,I7QP.@g1aH:Rv96XruR-l2t.M
qrcode_00305.png,"-68vf9j7pSAh,PFJ@KZNXT3x21dqV-"
qrcode_00306.png,.jaU_H@ReToceh8yrV3IxyU2G
qrcode_00307.png,/1S:2QQegt.v/w6aT1_e6k.sx7l3Ha@
qrcode_00308.png,"tZ,@OpUkmtI:I-rkKkwxyurtXo69OG"
qrcode_00309.png,"u4GwxKCOqjaf@KDI0pPpGh,0pq0dc5d-"
qrcode_00310.png,F0LCeTBp0D7oY@xN01BA1I51-S5Dz :
qrcode_00311.png,fztLuMXLUz9jRb
qrcode_00312.png,9lV365
qrcode_00313.png,"P-TD0pBeRAbGe,wZ"
qrcode_00314.png,s6Fh6UwNFYA20t
qrcode_00315.png,1o_DEcZ
qrcode_00316.png,iS1 /djDwZkbO@gcbQzdk_n:nzjx
qrcode_00317.png,63HiXI5egG
qrcode_00318.png,irB/IAiK9R
qrcode_00319.png,"Bt XpRCZZzSt,7Ew4i.06"
qrcode_00320.png,GmyvHHcYCLY-_oX9Cg gCWuZDp:n9
qrcode_00321.png,urQwoPRdEf2XO4p2pYBJ
qrcode_00322.png,4_KozP/i1T SJq
qrcode_00323.png,"OWQB@0m,2bn"
qrcode_00324.png,qwd2.BFB3ssYXLSIZe/N0o
qrcode_00325.png,VWIFBr
qrcode_00326.png,tya:2to-bcV
qrcode_00327.png,"VEc1,JhOdr/g2C8,"
qrcode_00328.png,"LBMuseyATlOlCgN8.0cG,I3M/yl"
qrcode_00329.png,8q/Lj@wvdLhA:w-Bie1ALW0lX74
qrcode_00330.png,tAZTW5Z:yCBE
qrcode_00331.png,N2Cb
qrcode_00332.png,"ziu.SYv9Dz-, Sc-zp_Rz0_300P"
qrcode_00333.png,4ed@av40FF27LmgWBRE9-eIg
qrcode_00334.png,X5bNccM9uXxm8Jse4Mpvqf1D
qrcode_00335.png,mp73BS-OPZi
qrcode_00336.png,tUDjl0 
qrcode_00337.png,eUGkUUb-cvYD0Nzc5YNj9/-
qrcode_00338.png,4Tj2w_sMjG5WoJ:6D1@U8gII T
qrcode_00339.png,"F23/1Li,G"
qrcode_00340.png,h/7@wayqaKqHUA
qrcode_00341.png,R6-IzQTP:t5MZ@dlBP/z.Z
qrcode_00342.png,B3HT2lZ7ZfAVk4gGr:fj3I7g
qrcode_00343.png,"CUja,@UvsY2aUkSZ"
qrcode_00344.png,jx7hwTsa/CpuSzLFnZ 6f D_6I
qrcode_00345.png,@7pLxTxF/x7k3AEozvVZ9clUu
qrcode_00346.png,5MmlxOYfI
qrcode_00347.png,PcYp7h
qrcode_00348.png,"F,Fvo-vgd"
qrcode_00349.png,FMCIDHSgS8tEs
qrcode_00350.png,DW 8kw
qrcode_00351.png,":Di2Vtp gYhs5@ftXr,gt."
qrcode_00352.png,b1NDhw_sYL
qrcode_00353.png,GoChhn0PwR.p3HK/_qelodw mJs
qrcode_00354.png,"gPYH,ZAA6due564aiE.P"
qrcode_00355.png,mBg0XOBIZK
qrcode_00356.png,KzMa-9y e3n3o_XUDS0TC
qrcode_00357.png,"URXqaZ,a41elFyM6G"
qrcode_00358.png,uI_1LvTREx3PqiuI5EuVvV3Yd
qrcode_00359.png,TEHAp0ggu@wq7Mn089ygLxS_Ee
qrcode_00360.png,BF/avh6I4Ms.jFMq
qrcode_00361.png,Cu6r6hfS74OAkkBXSsSUsY3a9DjL
qrcode_00362.png,ZA21Kgu@l0TOl5I599OKpsCA 
qrcode_00363.png,"xv3lFDnEBIDm,RfCTQ:OT:"
qrcode_00364.png,jPe:9
qrcode_00365.png,r513
qrcode_00366.png,kbctDmDd
qrcode_00367.png, 0AwMiYtGq
qrcode_00368.png,rIITTNeO@DAVdHOb8bg
qrcode_00369.png,mHgJxxcHjoMgwte
qrcode_00370.png,HU d:6lkcNAA2BU:m0.w1sSX4
qrcode_00371.png,q7MP@9/H
qrcode_00372.png,"4TvbE2,mejLgwB.H.x6lTF,1iO"
qrcode_00373.png,BQn9BDF-t2L9NdN6LDQq: g6ViYwFmb
qrcode_00374.png,"hFUDEKefi_SIKwUbFBmgf,@nvn3AA-Jv"
qrcode_00375.png,zktI1d1-D5Zjwcm67_/CBfgOa00a5M.7
qrcode_00376.png,:9sqLz@CK6AL_QW
qrcode_00377.png,argmw1G@ nbcJL_R0 gMVW1QdYz9K:Ro
qrcode_00378.png,ZxOyig/Wot7
qrcode_00379.png,X5wvrah8UtqZd-kW
qrcode_00380.png,NTUExRA5@ilIcW.@0i9cMj:6uS-RWQ3
qrcode_00381.png,"REDWYRsrVzrE7StkUasbkDXIgbt,ruhX"
qrcode_00382.png,"jy4s.,4uY5V9YZopC5 q8Y."
qrcode_00383.png,_vONVF7-rXwLc8GDfc9bi
qrcode_00384.png,uvWe-c
qrcode_00385.png,"1jw@/SSv,BXHIrvAFIDGji6s"
qrcode_00386.png,"1Bhlh.DmKbJ,R tHDrOdnhs._QB7"
qrcode_00387.png,ftlQ
qrcode_00388.png,LW872t./
qrcode_00389.png,"u,3F4q7FlYEQbeu.T/c0OsUBHK"
qrcode_00390.png,5OQExr3PiibgE4B8ics3VK4b6ul
qrcode_00391.png,x_OgWCiz1I
qrcode_00392.png,fyY@R2d
qrcode_00393.png,Ot6fWfnWWnG-XB/eCo-cBmQ89wte2
qrcode_00394.png,_tQFe57c
qrcode_00395.png,HVGA5yJdCuE
qrcode_00396.png,R_4lwiBXu@Lw6Dok@n 6eGT9Sd/hiCs
qrcode_00397.png,Qfmd:BMDkne9LkZ AyBrj1r
qrcode_00398.png,Ukf6oQAmLrLgm.
qrcode_00399.png,"VpYr@jEugG05ulU4bDDLI3QWPkzp,1y"
qrcode_00400.png,kEhaV:h
qrcode_00401.png,oc8HNJHEvhIlz-aUmgkU1
qrcode_00402.png,iC58lZ90j 4z/5Pukzb
qrcode_00403.png,4O/z
qrcode_00404.png,"br,DOdSuwRiV7Ibm_0N"
qrcode_00405.png,"l,A6.th_,2H,1AXHp2sJqhX"
qrcode_00406.png, V4OeJ
qrcode_00407.png,LO.Umea.Qm// @om4bx-RAHh
qrcode_00408.png,NPwW130ftcBXeQ9
qrcode_00409.png,dI0Z4a6h_yMNk2xZv
qrcode_00410.png,OJf8cmtW7qPu-KQj91Qa.S8i1kI
qrcode_00411.png,:4m9CGa dfdhtFcgj3m6AC wO0vn
qrcode_00412.png,@LpFG5F8JS b6mlq /reE39MjKa
qrcode_00413.png,LFjSOn_5Ce/fyP8cj/iWh9
qrcode_00414.png," ,9aNgG,_rcMY3r@74ZWs"
qrcode_00415.png,ueLAF-46gpfoyrLzdzEOnciEviEM
qrcode_00416.png,b:/J5PN8cR37v/SZIrEKrgZ7FPqh
qrcode_00417.png,_ot4wNK
qrcode_00418.png,kkJk4y_tT.N/gkR9K/ae
qrcode_00419.png,"4CItASx9 Dl ozsr0@7u/Ht,oACe5Ts9"
qrcode_00420.png,-XisongkW75w9-wgen
qrcode_00421.png,0rgtb83
qrcode_00422.png,"qfF,C@vp_re/2/OY@_yfppPnra2"
qrcode_00423.png," R, OEUU_cvJLDW7:/H4dm@.3b"
qrcode_00424.png,GI:Y
qrcode_00425.png,9PIYV_kyupNsB_lIA
qrcode_00426.png,"yMtB-UKl,BVTq19D4N.Wi YLX"
qrcode_00427.png,A7oXlU8r07_
qrcode_00428.png,0TvkUGZM6wyXAi
qrcode_00429.png,phNSk7 iv@1dinjRtR
qrcode_00430.png,QTFC-M I_LVNi8J15e8Y
qrcode_00431.png,"LqJfs/ E,,,qGUQdJiUwwZUh"
qrcode_00432.png,He-FZc
qrcode_00433.png,sB-drNHdmioD/h3Jk5j50z4YIKsIg.LP
qrcode_00434.png,7YfDfbi4UXXY1Y
qrcode_00435.png,"1TOzL /Ok UGj,6"
qrcode_00436.png,VM66VhpGco i4c7
qrcode_00437.png,NKr4HO@.RYZvl8Ba70-bQttf@pVcWD
qrcode_00438.png,v2m.FicrCIz3BHvM5En
qrcode_00439.png,lIDHJMODc2:0gKmF
qrcode_00440.png,jYofb@OWH.o
qrcode_00441.png,vnLs@BrVB8V-o y8mw
qrcode_00442.png,",:FtpW91"
qrcode_00443.png,EQzAhPFPFQX0Jbnc-
qrcode_00444.png,KdUx5r
qrcode_00445.png,"4ReF@yd-j8HqB,1U7WCtw"
qrcode_00446.png,FKjC9m4CSRq7YEM0M3BtM
qrcode_00447.png,Kc0E6DPEst6@4_@ZBooijD8phmB522.
qrcode_00448.png,YicJ
qrcode_00449.png,jBNuoCsg8X@bM5V@uHnnRsI0UD/7Rm-
qrcode_00450.png,pAPpwN8JPJS@TK-l/jug4KWxkHYK_Use
qrcode_00451.png,inXBD
qrcode_00452.png,XVQC5.rqp
qrcode_00453.png,6bg_Dp-LF.xHG.4 /@
qrcode_00454.png,pFmJaDLIteM
qrcode_00455.png,Uhuo0Eca n7cXRs/aSaNJUwklaF0v
qrcode_00456.png,/26Hp2B@x.eV-.lOx0h6
qrcode_00457.png, C7K-VMV7XsXjEB-z D
qrcode_00458.png,gyuILlFlLVrd3cxP1
qrcode_00459.png,6ti2w@xrIjBf3lGAffxCqqn
qrcode_00460.png,HgBin1kV2:ih 
qrcode_00461.png,Hz6lievebw1Wu@mkkL/MXIZX9GgZJTD
qrcode_00462.png,Y0bDBnATEdhMa./Vhl
qrcode_00463.png,"Lmwp,N7Aa@V/j7t-Zdp52"
qrcode_00464.png,gOuMqswqkakK30LMN@eP048JWAWBK
qrcode_00465.png,a1oa:xNIe4_y_.Ys._
qrcode_00466.png,AEtE96EQsKeRP-V_
qrcode_00467.png,Iy@/@QO_ZAy8G2YyUK
qrcode_00468.png,8Te_xB0xmY@Eq_7Mps
qrcode_00469.png,Rc@s1US6t.ipYW.1-mo20DU:
qrcode_00470.png,Phgf6Fru: 7Yt7:/lUXKE9r6:Yzn7-kQ
qrcode_00471.png,-c/JQkrqZ@bf7-cqnv42/z3 gcpF
qrcode_00472.png,"dnSta1XSYZOXN,,YJ8H4."
qrcode_00473.png,e8@REx1B
qrcode_00474.png,mhOOM9WAz hK_dV 4imUXC tqUEHV
qrcode_00475.png,n@7Q:C.YIpFu-:kdkzzQvp3:
qrcode_00476.png,"RvN,"
qrcode_00477.png,aUrI- pg-R2:T3
qrcode_00478.png,@IF3:
qrcode_00479.png,pmarIrk4.
qrcode_00480.png,JiiGvVZ5CuCfjlJ@0
qrcode_00481.png,"Ylj,@Zba"
qrcode_00482.png,"kx- vHUj,N9ijNle/jb0OnZ4eW1DnJt"
qrcode_00483.png,_5as13Td
qrcode_00484.png, VOzz3MnjT1Vr-ywfb_k7R 
qrcode_00485.png,",mw1WE:y0oo3qPXREs 39z"
qrcode_00486.png,VI/RcEucw0l
qrcode_00487.png,mH-BlgFwUJGi:--hcKlAG8
qrcode_00488.png,0UFZnuekec W6/3ylUW9nV SC
qrcode_00489.png,utCJJoSRHxry
qrcode_00490.png,Ugcbxn0:FS
qrcode_00491.png,iicJMHc/rk62M5
qrcode_00492.png,y_3 q7jZ3rj7tBi
qrcode_00493.png,BW:99:..08bruiB9
qrcode_00494.png,ILv7Mq1/YI.ha.9/thbzLnkz
qrcode_00495.png,akXNv27z4i1-SJ3ep1Y
qrcode_00496.png,yU_lJB.poik6aauYXmqAiRhiMAX0SJ
qrcode_00497.png,WrYEJ8c- M:ZTqtg3w
qrcode_00498.png,Bo5L2 awUh.PogHVV._l8mzk0X_Ry
qrcode_00499.png,giYJK gsv4mX/cZjJ2rlb4yh
qrcode_00500.png,t-4:l@txt
qrcode_00501.png,UPaLJD5RTR56eJ
qrcode_00502.png,"F-yq@VTG29roN/5T,1rXVdCE@PtOGqn"
qrcode_00503.png,fc0EU80R3eownVj8mAS-1U
qrcode_00504.png,.WyN9yrYb-q1S4FdUz.g
qrcode_00505.png,yLg1c4gtZ1JTxing.5Qfu0Bx
qrcode_00506.png,hx9gDh
qrcode_00507.png,.x-6rXpxPkGpimrlmU8f1FZ9 XkNz3/a
qrcode_00508.png,J_3tKt NmmO-qqusIFHOgD1G.4Iua
qrcode_00509.png,7JXIJC@r@.IEgwDMjlABUz
qrcode_00510.png,D_Qb2mVxwcXu9T
qrcode_00511.png,Sj0oYMyuFTzd
qrcode_00512.png,"S.S8 e/:x ,6vnvLju v5nBo_dp"
qrcode_00513.png,9GZ9yl_o R18Zf
qrcode_00514.png,ArMXB@ei8_ExR3mhsr
qrcode_00515.png,khXReRzyL
qrcode_00516.png,"As76UmltU,QT7_Npx1o-W"
qrcode_00517.png,4aWVtX9DxJy8.wto-47pCjK
qrcode_00518.png,k3Q0 Flvmm4190d
qrcode_00519.png,J5x-LTDr_IbUq-
qrcode_00520.png,"lc29,rS:_D"
qrcode_00521.png,WPc2ALPW HD@2Mn_nR3B9A
qrcode_00522.png,txspeLvLt_q1iKc4U2zLY/5hWAZp
qrcode_00523.png,y/SKZO
qrcode_00524.png,W@_Le1
qrcode_00525.png,2aIgk6k
qrcode_00526.png,@KVB/boSAeD
qrcode_00527.png,llHR TL49tuKx:J _kHWJ_MEEZ56T
qrcode_00528.png,wZ6T1HTYTGXIzI
qrcode_00529.png,k5Fbk7Yq_oQFA3yojM
qrcode_00530.png,T8iWIlc-:V 
qrcode_00531.png,IE.yZwETPiI9-XCQJo-
qrcode_00532.png,"NCenRn5Znm,TfrO2@bJH"
qrcode_00533.png,4D:3c2.Fn58_PlOeBDG53A3ANGgtzHjN
qrcode_00534.png,kchsz@d:.U4ys c:
qrcode_00535.png,"N,pnxN.8W@4u:"
qrcode_00536.png,"ufTy@52HIhmDjyiNj,HpcY"
qrcode_00537.png,qtxkpo
qrcode_00538.png,FT0Su/i6
qrcode_00539.png,d0r8
qrcode_00540.png,xVRm-p vg/TzaUM./g4FWtFqILk5CG_
qrcode_00541.png,AuA 7GpLiIq1@FW5dRSk
qrcode_00542.png, Grh.dkINXvxl
qrcode_00543.png,"c0rPl,lQP-zvIrX.,TUWx"
qrcode_00544.png,6WxMkl/ L4IY5wKSl4 3jQH
qrcode_00545.png,wPJjwEfm_RMitfheDNPTZ4-sjmBr M
qrcode_00546.png,"svoHwccvJNKNwp9kW/tOzd@gcdZ.,@F5"
qrcode_00547.png,MR _QrNP C8TY/OIyLx.WrYS
qrcode_00548.png,"g/eANg2PQTV_iC Q8DE,Yzw2OCE1KA/."
qrcode_00549.png,WLfvMXSjYE9:sm7g3vu
qrcode_00550.png,Ahj-rw701prcp3MGn36Y
qrcode_00551.png,08og7M0vMIXXJU
qrcode_00552.png,YNYppnnEnfsW
qrcode_00553.png,WKK4t/NOgL@CUZOv
qrcode_00554.png,MKD66QY
qrcode_00555.png,"WnNR1B5O655-l.T,cwF23x0I4B"
qrcode_00556.png,".SgWqwc_Uk,JxFkkQ_F05:aa4Km46"
qrcode_00557.png,_R8hBWMeX22m6@vsTTld6
qrcode_00558.png,3corA0RNc-hk:zcxGiI5gnFE-lG8
qrcode_00559.png,MC5bh:0
qrcode_00560.png,PaB92 UFExq
qrcode_00561.png,OgRo8.
qrcode_00562.png,4OR GM8bl5CjU1hpmu
qrcode_00563.png,"i,/-6i4AdH0FL_"
qrcode_00564.png,sN5B-
qrcode_00565.png,ODJq7MFMScoi
qrcode_00566.png,xeYfNR2vnTBnFseZGpFFIxgvqSwP
qrcode_00567.png,K3.6
qrcode_00568.png,w-LvIrHi Ns
qrcode_00569.png,nD@ OxzZhwTFz3_JD
qrcode_00570.png,"2ITzI/hvDvgs38fHb6,O@tax/o"
qrcode_00571.png,: rIKf9J
qrcode_00572.png,"MGFe,1@36_Qn1JgBL7Yx Qy2jVHn0R"
qrcode_00573.png,LhnefYduPPt.AuWs56Fq D7yULxY
qrcode_00574.png,"oQG,1DJtrCKEDRu"
qrcode_00575.png,5RurAftTD@ZR/0.XedE
qrcode_00576.png,LYaqXb.fSViNhH9
qrcode_00577.png,w_YOFI6BtC
qrcode_00578.png,mY--Vlr/mzl
qrcode_00579.png,Dm5F4u/AKX0pP
qrcode_00580.png,"q I@t4lK:W@V48S9.JVvzzA,DkwIR"
qrcode_00581.png,"eL,Fx qGrI46IWMfImpza@mdc2cXd17E"
qrcode_00582.png,w:Rr04AKj4D7zhP8@Pnsi
qrcode_00583.png,tF3Y26CNseqccD9IrIpg8
qrcode_00584.png,I1Rcjo2
qrcode_00585.png,sxxz-qH1
qrcode_00586.png,"vXcD,JIJf10KdhYmrN.-XkM/ol3."
qrcode_00587.png,V127QpP4M3vLW 3jSCaoq
qrcode_00588.png,BbeES4HmzEu @cWAPMvdwJrab
qrcode_00589.png,rb7:
qrcode_00590.png," A_Iw05, I4kegiv nrOL/s4b"
qrcode_00591.png,gl-psM5ylzyFnepqRBeMpXKJYmc
qrcode_00592.png,"Hth47QcKXFfsnhLSw,aztdF32opNH"
qrcode_00593.png,odOwULa8
qrcode_00594.png,SOb_9@tG@ubaBQ/
qrcode_00595.png,IaNPKQk6D
qrcode_00596.png,-i2rAg5b
qrcode_00597.png,"ahXi1Fe0O_V1bIc LvDGYlZh,6Pmiw1"
qrcode_00598.png,qjRR
qrcode_00599.png,"F,Xd9cQtXq:lDRp"
qrcode_00600.png,rfxEVG32z1-FouxsdCk
qrcode_00601.png,WW @gOrO4Xnwg4KNoGwFYz:P5
qrcode_00602.png,uQ:foY7lCl9-9/
qrcode_00603.png,"tuypvvZrpexL6xA,"
qrcode_00604.png,aQ9KUgPWAPKxe
qrcode_00605.png,T2_Af@tLp_JH.BkzNKxz
qrcode_00606.png,zaJEo9XulrDfuP
qrcode_00607.png,c_H9r
qrcode_00608.png,D.ruCaeMxYUQ.WENxfGRWXge1AI3r
qrcode_00609.png,Kj2lsUlRvN4qejWae R-V7e
qrcode_00610.png,"v8A:HceEIE,-iHaMo7tJkV89IF"
qrcode_00611.png,"FNO/vAqDZ,eLmB328:E"
qrcode_00612.png,"E.9k1bkdpefqC72dFl_Q1r/,Vpj"
qrcode_00613.png,RM7fXhI
qrcode_00614.png,l8P7kHE-u1t2n
qrcode_00615.png,GmL2L 4L.Ru5@OIpi
qrcode_00616.png,"EvJxKqfSA2zK,:.W,E"
qrcode_00617.png,:d/mJm9I3SM_Rh6k
qrcode_00618.png,sAPJ1 z7fzKWBEtNbm.2mqTC2ib
qrcode_00619.png,bMg3jkt_z6RqUAzCX1mgv7kYS
qrcode_00620.png,r8A5JZ9GU1KRfB1lxcoW
qrcode_00621.png,Lm4nkcP-LSww
qrcode_00622.png,9Voy9gw W_x-ccW.x7JowJNjFBw
qrcode_00623.png,",7_JMFtQdr3a.21ICYCYO.MarXdA"
qrcode_00624.png,2zUCGt0nx
qrcode_00625.png,q_PQXwX:M4K5VBphpt/pQaIXhqo
qrcode_00626.png,3bRfAy:E3-.FVn2xKmxTjM_
qrcode_00627.png,w0b4u.njp37
qrcode_00628.png,"-4LNu.h,c7Ca,FrH_294xap5Cv2"
qrcode_00629.png,HT8wrulvVzlTps
qrcode_00630.png,oMm0ru9uZjmV9lM_sssTX.0qBH
qrcode_00631.png,d2ZxYNzB7hHBV0zD6FodSt 84ku92e
qrcode_00632.png,HnS0h
qrcode_00633.png,"mN61@0@Qf,.z2o9BYq:"
qrcode_00634.png,cYAnpp
qrcode_00635.png,4xdRWVZV13r_NaLAiC6
qrcode_00636.png,8WNUepsq2 LGAr
qrcode_00637.png,iK-:xrSJf6Do
qrcode_00638.png,"OB 9QhFANQFH4hUS,Y05"
qrcode_00639.png,"hcXvi,K9w"
qrcode_00640.png,"Kz083wm,0FtMYKw58QUmUpT_G-DnAe"
qrcode_00641.png,l9h8yZwUh2QhZsaYDwwIRx.00Ex
qrcode_00642.png,pWv:zD5qf
qrcode_00643.png,"Ynd1YF,BP@yBobZxF7B"
qrcode_00644.png,"3s,9zIozhwb6HRVkuMDfo4ozr:"
qrcode_00645.png,gYBZd6acE
qrcode_00646.png,tn5fu3_pkQ16AP@a6Oxtw000D
qrcode_00647.png,uLHbs/CpRT_JUl3xt
qrcode_00648.png,"kaCP:CQCqYE,9Our5bbLI3"
qrcode_00649.png,JTV_
qrcode_00650.png,"nzvaiCT,"
qrcode_00651.png,xGS_AfH7MSD
qrcode_00652.png,Jf/gwqKqO0/b5XMDP.wJkQSwWrL
qrcode_00653.png,Q7NZN
qrcode_00654.png,jt.UpyOR
qrcode_00655.png,Sz56MmZ-2
qrcode_00656.png,"zT,F0sBOaeJJ0su1RrdeP/vaE:"
qrcode_00657.png,"7Tq:z2Yjzqg_,snia4Q_A"
qrcode_00658.png,6mU2q
qrcode_00659.png,lOodc1vjZ
qrcode_00660.png,wn_Cz:RE77yu
qrcode_00661.png,G8@wqQG
qrcode_00662.png,VyFK6
qrcode_00663.png,zW7:DpFUSJBTAiP
qrcode_00664.png,Vf:4kO92
qrcode_00665.png,jzHQ0h1U4saju@6m1
qrcode_00666.png,cM4ekpFpP5vv
qrcode_00667.png,",5rnOF0PHjv"
qrcode_00668.png,VvqezEobG3XMhdMUh3
qrcode_00669.png,i2656TFC889-CL
qrcode_00670.png,TYqRx1
qrcode_00671.png,JOF3R0/y2pqaUHFD_
qrcode_00672.png,"6IsueetYV@Gg.MHq_B5XolVl/qg,m"
qrcode_00673.png,altM:Ld@yzRJrc
qrcode_00674.png,11PEWiXMGPc
qrcode_00675.png,15lV1oxyV48xDvd_h._O
qrcode_00676.png,DFw6LoE_1r@
qrcode_00677.png,V/6l
qrcode_00678.png,tbOxNLVMRlF92U8M
qrcode_00679.png,"EpnZ60j-AmPBOG,YksZM B3@U@Tu"
qrcode_00680.png,iSI8FY.8Ho@mSG__
qrcode_00681.png,Joa dm4
qrcode_00682.png,pQclilz/z21s6TbS:w.a1Hz@R .NO0GP
qrcode_00683.png,"yUXN0,7Y7c- DucaSHGxpBjzv"
qrcode_00684.png,"A qi:,Mm"
qrcode_00685.png,GHv4R6T30
qrcode_00686.png,YXfmLI_M
qrcode_00687.png,OtmwgF0oz4.t7BHZOBF
qrcode_00688.png,3nXDNJvG.12Zr:E94DNq3Ykt7kRZ8J
qrcode_00689.png,"NZL84NVcZg02:q1UvWq,d6sc,A"
qrcode_00690.png,"H,KU1/6BTWtps"
qrcode_00691.png,ECoAomI21h-isC6O0@KMWXrChYWJmn@
qrcode_00692.png,Ss.iF6LU1yx
qrcode_00693.png,2524BQm6:
qrcode_00694.png,:qy2x6VCda K:6U
qrcode_00695.png,z6v1KTWWx0SH6esAhJiesaQ
qrcode_00696.png,3YFq0SIN.
qrcode_00697.png,fp5MV.oRtz9:VGeWj8pylczoq17dh
qrcode_00698.png, zrd_8v2xqcZJ4-G1O
qrcode_00699.png,"5r,ujmyWY92fmvKeAbg"
qrcode_00700.png,kbknsZgZmhB
qrcode_00701.png,2KMyBPkMQ6F
qrcode_00702.png,Gh5_wQVS6dP2rYfGPw/kyVrfeCpkG
qrcode_00703.png,W9@I6FpmjG@LOT6xt8Y
qrcode_00704.png,FqehTntP@Na9GfI Mmm
qrcode_00705.png,":Jk,J-0N5bMfXxild/4XG9k"
qrcode_00706.png,k@BzUE29Y_LLD
qrcode_00707.png,vwxVlV/W5p:NDiykLjzEiCxUB4WYysKQ
qrcode_00708.png,L af@ueENqXhW_y
qrcode_00709.png,kMcqK1CXkP5BbWiIwXBWh2VV
qrcode_00710.png,Rw6nHXNhSihYLQ:iI
qrcode_00711.png,"Y4j0iY,1"
qrcode_00712.png,AWnD6A5sXPIu
qrcode_00713.png,qYtZviW@lVlx0D
qrcode_00714.png,"ODbYs1OX/4aWJ,E97Z@KjD9"
qrcode_00715.png,AuYoj/1eoq u5G_R4UP0Ac
qrcode_00716.png,"0_yxFYORp,yN-vA3y8KPf8"
qrcode_00717.png,GS3qiO
qrcode_00718.png,HbI2AnM2
qrcode_00719.png,p7b5WJx2VL:WR
qrcode_00720.png,8/WlbEtJJ2
qrcode_00721.png,pfsK5hF_O
qrcode_00722.png,o49KRuA14kZtxnD6l-ZPau01@zHzJ
qrcode_00723.png,"xA/.OHUW,-fMxei5:BqilPdrGL/BWfEw"
qrcode_00724.png,"HR58fOxb-dLfPgV7l-SIbL:,Tg"
qrcode_00725.png,1J2Q.YB 5l3Ac
qrcode_00726.png,Ycm2n5t8h rg1kD05YIi_Wr/rWZx
qrcode_00727.png,785:MdIPazf2vyq_m
qrcode_00728.png,T61P_xaCl
qrcode_00729.png,"R7ZnHPj,PjAehDdrB4TNo,73qJjYW"
qrcode_00730.png,"_CrONEwVUu9UtCmzj,"
qrcode_00731.png,-Xv6JJ.j7i.alSdrfW0
qrcode_00732.png,23G@McjOppedqy
qrcode_00733.png,gTk@:kf4tck8m
qrcode_00734.png,VAn4meE74vu6n5S
qrcode_00735.png,Y H_EYBkOSRV9KuoJUs-ro53m
qrcode_00736.png,@ALtIOh2CWJ@4R /dtrnJ7I
qrcode_00737.png,jsxj YY S6-XjWntDO7IlkP:
qrcode_00738.png,-0SmVU9/S_iCLX r2vNqSuey
qrcode_00739.png,"_G,y"
qrcode_00740.png,-f 7zjy/
qrcode_00741.png,"7u6ZEEaL1phIzX,svGucYhzwb"
qrcode_00742.png,X NpEroy2C3DMWV2./Fb
qrcode_00743.png,"Wq_@Mmj8BbIGrdY7H 9,QAyyPfYsZ "
qrcode_00744.png,bGOBbOwI
qrcode_00745.png,WHnwPy AMRq@63Q8ly1
qrcode_00746.png,V VG6nSG97UrEaWPDGsF8_cHmZSMq
qrcode_00747.png,Bnv-HwZvyXZmDX eVOD:o-P
qrcode_00748.png,"VYdv@.KM0oa5/2Mx3i0,Ox1"
qrcode_00749.png,Z542d4TSSxhBnMcy4md_TQEVS
qrcode_00750.png,qcDue@
qrcode_00751.png,3ke4jvMXyJ.BIFvOZyQ
qrcode_00752.png,@kNzOcc31MHjSagnoz1.:jao
qrcode_00753.png,WnST91Hr9-uWnO2
qrcode_00754.png,unC@hCMl8tltjxQVN_aLK_b
qrcode_00755.png,fK3ol_tX@AxITwnarM9D
qrcode_00756.png,Q8q4YjNH8qyW2nhr5BGH3
qrcode_00757.png,kFqH3S9_-j@sU-yP66mD
qrcode_00758.png,Tez1hk3
qrcode_00759.png,",c0E"
qrcode_00760.png,"0A29pQvSSgxrf,"
qrcode_00761.png,q7NE@A7Xk60cf9p_SKReY.XtH3_:VmJt
qrcode_00762.png,4xd:5cO:0CGP16jujXev2UmJK0kFH
qrcode_00763.png,GC:P
qrcode_00764.png,PeJIM
qrcode_00765.png,bJDXl2HkSP
qrcode_00766.png,voMX833l1B6g Uz1Ob4zDjv3
qrcode_00767.png,elqySTFJv
qrcode_00768.png,MIuX9chSiE: 752f_
qrcode_00769.png,xv.6OxeC0MAxTKXfX/s j4qIHe3
qrcode_00770.png,hyiyi3fT28FB.CRje49G
qrcode_00771.png,I4NDO7c_ok9VK/VD6
qrcode_00772.png,.r2S73
qrcode_00773.png,lRvk_N
qrcode_00774.png,Al@OWR1cAJ@
qrcode_00775.png,2PNvJ WR
qrcode_00776.png,"XDuo,cI1pHoHw"
qrcode_00777.png,p8b005UEn6c0Cie8LeyM
qrcode_00778.png,cHjprz3BuP
qrcode_00779.png,EdXhx3DD2nNM4l_h@i.vTA
qrcode_00780.png,jg:ZmVVaC_s2wtpCu0.
qrcode_00781.png,-1YoXERuNiw@
qrcode_00782.png,-zPo4Bd_N 3VecNpu9-B6HJ
qrcode_00783.png,ug9cdu01gBV45JacnHLwRC
qrcode_00784.png,"AnM/kg5CUO2KUf_:KF,"
qrcode_00785.png,tpVz7/l-fqol73JRl/LXnED4
qrcode_00786.png,w5cBrI5wLu
qrcode_00787.png,"CHVAySi0M,0oGgfAyzT"
qrcode_00788.png,"O88I.7B,gGm3x,bDP.yu"
qrcode_00789.png,_UtIKj1576d0VXb-3RE 
qrcode_00790.png,wzc6
qrcode_00791.png,D7dHqye/puACWuuxFcVUuUTgcVwWnkG_
qrcode_00792.png,4r8M7TLS2Nwz._L/KcYm5xX/W:WdUGey
qrcode_00793.png, MI7xUvw0IjpyVS
qrcode_00794.png,"FonF0IsLS:WtC:5,0VD"
qrcode_00795.png,"AGcP5,p"
qrcode_00796.png,pKXw7/MC
qrcode_00797.png,enxMm84Jhv
qrcode_00798.png,RGw0xQNVf/KkFVjxM85r8q
qrcode_00799.png,"F41MvzC,"
qrcode_00800.png,Ad:ny3E
qrcode_00801.png,HV2-.d1P-uEA3_@@Se Rv@-/h.BKt
qrcode_00802.png,w2/XK
qrcode_00803.png,FZN.f5htB.0q
qrcode_00804.png,"nZF rj83jtT/EFHWSqC,ns"
qrcode_00805.png,"8 POH-30O,Qk8qco 0etATHV8vzLvYIy"
qrcode_00806.png,RnefBxDBdMIsAVqcIHKbiiXqbIpfAeCe
qrcode_00807.png,1Lkp
qrcode_00808.png,BTjU
qrcode_00809.png,Kr3hubIkAagzQVG4QZ2mczZN.dc/
qrcode_00810.png,ipXYL.Y.AmUM@
qrcode_00811.png,p2BAxYrykiC2g:@xY
qrcode_00812.png,dpFW
qrcode_00813.png,"gecvGeLt0z,D@"
qrcode_00814.png,",zW0C7G@2Lt3-hVEORJADHpNb8nxW,f"
qrcode_00815.png,PbM2e7x8vDE@05l2
qrcode_00816.png,d79rwDGWT2s9HGJ1
qrcode_00817.png,Ck-265RQzO
qrcode_00818.png,lhOcCi1Wf7p6 swdUt
qrcode_00819.png,ZTI7Dz
qrcode_00820.png,1KvYQpKH6DESaAu.
qrcode_00821.png,2u6lI7x@pl@P-Wx:e
qrcode_00822.png,h1uLGi/VQsyhNUu
qrcode_00823.png,"EoB .aMDf9ZrzYhL8,kLfOmKXyd9:8 a"
qrcode_00824.png,V:2vQY1Gh CC5Db4bgdW_N
qrcode_00825.png,4mZFK/
qrcode_00826.png,qf:0n//s3
qrcode_00827.png,4fndYaCX.eJhAvV
qrcode_00828.png,:BcL r/BUw5klQwYh59
qrcode_00829.png,TWSWUfoIb8PK/-Gy6b
qrcode_00830.png,w_Clr63cmXQp_j_URM
qrcode_00831.png,ptJSbCsBwwYwjK:ha3:_P@C2p7uPU-0
qrcode_00832.png,"dD,SaFl:"
qrcode_00833.png,A4C2aQ3U2S
qrcode_00834.png,fVoq9eey2T7sxjVr@TQ8cMh@Lb@qq8
qrcode_00835.png,Edmj@rYvlugWOw6PYbZ3OV
qrcode_00836.png,u29FpsZR8XED5KZJraS:o0xkdW
qrcode_00837.png,5n G@obAxC@xF
qrcode_00838.png,mB9 EVwYuvZaSxf_
qrcode_00839.png,q659NEhqnFFye
qrcode_00840.png,UVpcU/T5msoJz3
qrcode_00841.png,IsyRWfuWETAGoYVjXaPTloB4L8sYN/B
qrcode_00842.png,ai/Jjoe4S4
qrcode_00843.png,Kcj WoDU_/u.
qrcode_00844.png,"YeaEcJQ8i,k,Rp_/wZxpVvgqD_wYO."
qrcode_00845.png,UMoQ
qrcode_00846.png,"9K2iJXofsd2To5VebpnsU,"
qrcode_00847.png,.Pj8tBb5opGhMMbm61lMH@.hx514
qrcode_00848.png,"vc45Usyg7c,RjNO"
qrcode_00849.png,J @:6AG
qrcode_00850.png,5wAV
qrcode_00851.png,7zIH@0knppJJRHt.4y_I7S
qrcode_00852.png,yhe.0-oT@2Sr_/s
qrcode_00853.png,RP9d/XwGi@m38IzYPglh-mgcw
qrcode_00854.png,6eby/jMORL5VkcUETcT7H1@V8/M8
qrcode_00855.png,NJAsB.0gkaC3yKZjz
qrcode_00856.png,tOlvUKvCHiDKKCVzpXsy/O-
qrcode_00857.png,poDgTWMK1
qrcode_00858.png,Z5ZEVt4QWC  _YJ3/0Vny34tYW5Rl
qrcode_00859.png,",HVDQhIHN-eVWLy.eCTVkh"
qrcode_00860.png,/.2hi_YwbklF0A2r4p
qrcode_00861.png,PgKa3vPGh
qrcode_00862.png,v kOF5K-O@.
qrcode_00863.png,"naYvDLtiJE,:eb2Ajp35 "
qrcode_00864.png,GtIW2
qrcode_00865.png,EdEWkoBeDxu
qrcode_00866.png,18gs:qFMPGRPwnuLl/ihufJh
qrcode_00867.png,D3_5K G2vyogCAQ
qrcode_00868.png,YojUse_YhMG
qrcode_00869.png,G4cQs
qrcode_00870.png,"BMC1Q6LvvmdwNck7sNRx/H,Yb:cz"
qrcode_00871.png,vCJ/93aTL heK7aER05pXq
qrcode_00872.png," PKFnKV@6naYN.zcQ,d"
qrcode_00873.png,NiwW@8A5AgB0q/W@a7/Pd2_:MhdJM01T
qrcode_00874.png,nidffhv
qrcode_00875.png,11DBQ5AfhMzB9
qrcode_00876.png,-0Plp8c
qrcode_00877.png,SdqzTfA1g8sJe:1P
qrcode_00878.png,"/c0oq-YNdsrcwK1JrdB9tH,/uHl"
qrcode_00879.png,"kfXcHud9LlWgvWM,j7mmP@da"
qrcode_00880.png,De-AUEJ4eJ_JxDBAaKK9FibwnCpFOmLY
qrcode_00881.png,"Nt5vr@K4FUCKt3qu,gtAtXWc"
qrcode_00882.png,GUlhZqyokXzq
qrcode_00883.png,xNms63-5MOxn7D
qrcode_00884.png,_uJJR:
qrcode_00885.png,@mSlutXeudbEzI/iqiFW:
qrcode_00886.png,KabWbSpFFHcI926SSt
qrcode_00887.png,ApeoTqN6 SonI4Bd-@Fl6di:
qrcode_00888.png,uPCO.op2TZRlzg
qrcode_00889.png,H8YM67AKpdm
qrcode_00890.png,sMkczjwcG
qrcode_00891.png,oo35jcahd/IyRNw_@vQMJgnnMB9:c-V
qrcode_00892.png,"eyZ-YMX,HZUMkp5Q_kSI"
qrcode_00893.png,9eBzLf1TyeC0D@
qrcode_00894.png,HqQLA-sRPDTdTT
qrcode_00895.png,9mAfM4srm2C
qrcode_00896.png,XE_w/saV5PxtzeJKkXd1I/G28Q.
qrcode_00897.png,L12U9BjD91e2Z.
qrcode_00898.png,LIXoGlT04
qrcode_00899.png,V@LpQ
qrcode_00900.png,Ppa1ng-:J1tupDL
qrcode_00901.png,xGah
qrcode_00902.png,HkG6H7eSYLvM6Xl
qrcode_00903.png,owT3aCNTvNUvq9BAc:
qrcode_00904.png,4kGlYX QbmwtRm8Do@GbZ4tT83pYV7r8
qrcode_00905.png,"a@47z:,YbHyzd.7AMzziwMm367qFpTg"
qrcode_00906.png,"juRSHI0pLHoR52RFmz,R4Fk"
qrcode_00907.png,vs2N.2OMl--NnbD5l0
qrcode_00908.png,"72e/LONdJko,_3uL1a2."
qrcode_00909.png,c_aX/ fwADHTA
qrcode_00910.png,DPv@VTWOKNi2.uAOmo
qrcode_00911.png,uEpM//qC5jRE8iQ
qrcode_00912.png,",RdrmF.H"
qrcode_00913.png,LT41SGfLPuL5osVKvUq2Se
qrcode_00914.png,q.Bei1CoQI0z7T@EN
qrcode_00915.png,1ZKnF-G.
qrcode_00916.png,OOY4xAw
qrcode_00917.png,:3dNfOh4wFkn
qrcode_00918.png,CLpQkv@-rMHRPIHc
qrcode_00919.png,8WDpmD6tKSEIdOX
qrcode_00920.png,LSELba0wtaKdV@6ote
qrcode_00921.png,"asP5ek30R_6@2xJMHiCyMHp9qkR@9gF,"
qrcode_00922.png,iLigoFOU/HY6:nS5mHhTgD/
qrcode_00923.png,"wU6hb6 34e1,,Ev-puVBOIm6"
qrcode_00924.png,Ff.8dzy/:PS3Ilp
qrcode_00925.png,DJHJ69d1291d8yfCEuhE348
qrcode_00926.png,hLF70t
qrcode_00927.png,xwJw
qrcode_00928.png,J:WpEAjb_MsDLJ
qrcode_00929.png,k/8p_5TkLBO::hD
qrcode_00930.png,chuMygEUA8q5/kvNtv H
qrcode_00931.png,GLN_iWbQ4fjDPaYF-2Sfm
qrcode_00932.png,WtGKY-k7hhAS
qrcode_00933.png,Hn5QPfzMmCi4lloTI9I
qrcode_00934.png,q evKrIVJ1Z9
qrcode_00935.png,S7weqCdi79E
qrcode_00936.png,"/,ZCvYL,hlAP4SCX"
qrcode_00937.png,jad2KqmxAt
qrcode_00938.png,"Hbre9Zzz3wR@ r52M6oD9y,3gx5ABe/"
qrcode_00939.png,"68,UpgRMgTrqeuAp77NtPm"
qrcode_00940.png,"9,rNihrNOTPUaEO0x31K"
qrcode_00941.png,alZS8
qrcode_00942.png,Uj7bHfZ4ubNF0uPUs6447PinfoZAmN
qrcode_00943.png,CFgf21g:Pv@8TLoO@sf@Wos
qrcode_00944.png,eCAKLzsaO.wqPzXYpoKG2vA Vhaeq@Lp
qrcode_00945.png,h.4j7RL7q 5kO
qrcode_00946.png,"hjGsfRU_8W.j_IcP0,-kiumef-y-emE"
qrcode_00947.png,PjblfAB83ysY9XQZMApn9ThhUxJ2Ad
qrcode_00948.png,70x-6Gyn3
qrcode_00949.png,mZUPA3Vl/QcyB1hA5AV
qrcode_00950.png,"ceI2rUo,uU/ zflcfwSs_f"
qrcode_00951.png,vtV7JzWph
qrcode_00952.png,ih0ombD0Hk4p0sA5P-5W4zzSR7
qrcode_00953.png,ZNAkFx irBn_@d vkSV_xN
qrcode_00954.png,"6,n:CSkwGBmImd6cpq@jd"
qrcode_00955.png,q-1CQMtNiJdYrIfwhL8Q:g
qrcode_00956.png,rrcpt
qrcode_00957.png,"ppJMh3TkPfadldj,L8R "
qrcode_00958.png,8wY. 30SQRaqz1g
qrcode_00959.png,SwKHT FAmU3K1Ju
qrcode_00960.png,"Z7G-,:xXILueCKk9JRbp3X0X6rT"
qrcode_00961.png,KWfWdwVAHMtebu4viK@-ZS
qrcode_00962.png,YgYgvfpKxR/FsFDaH/FfnZ
qrcode_00963.png,1kBTHK9
qrcode_00964.png,1/psKP7FqTaSd9MDMrsCYfpnit0sLCX
qrcode_00965.png,ghs :kr
qrcode_00966.png,6@Aae43sZtIt5nNREQkpJ/aYn
qrcode_00967.png,RKBvx5FEoW jcr6A2WegwvXSI:jFY
qrcode_00968.png,"I_h-87gqG@ys9e9s.wGun5xrB9SZE,a6"
qrcode_00969.png,XQF-Ff2
qrcode_00970.png,UdnZek@CM@gj5DFWx/dwCaNKqywtPB_6
qrcode_00971.png,bo:X1nY@3Egm PHHq2VV0hWT
qrcode_00972.png,dfMa317I5:Q8caupWjGq
qrcode_00973.png,.T8Idgoz9X0pSBv0t_W
qrcode_00974.png,BWZ5KHK 6oY
qrcode_00975.png,ro24:VSn2/QU
qrcode_00976.png,mS/JcrPlW
qrcode_00977.png,.XhITD5HgFpJb
qrcode_00978.png,f82bK7J9/6bb58vk9/YDcA
qrcode_00979.png,VZSTiwS19
qrcode_00980.png,Gm5i9qnV8z-Yu
qrcode_00981.png,"UZqZwT-ftm-rCvf8dUm9z@,be"
qrcode_00982.png,sqzPK620YDMjYcoz
qrcode_00983.png,yIqBT
qrcode_00984.png,m02iN@hIiIK-ynjBnXAP
qrcode_00985.png,XpT.vIssE2Jc-EHE6fGr
qrcode_00986.png,fvS_fRY
qrcode_00987.png,SYrF3BzTT_3V9yDebgClrhLdKp
qrcode_00988.png,"C,6sVcKxjCxSioSACX._K5CAEHq HHW"
qrcode_00989.png,A DkIFL.zMKlM2Mw p_g@vKYbh6PNSH
qrcode_00990.png,"JKMMSyh,s8F1r_ykPIGLR9LBxm:RU /"
qrcode_00991.png,EDdm9IuI7hr-i@qeN/mEG .LNoj:
qrcode_00992.png,NVfHHacroPB
qrcode_00993.png,rJNyuFLR 
qrcode_00994.png,h2pCFdMxg1 DRN8wQ
qrcode_00995.png,ZpZU0.4bPQVJ:lXfr6Ic8
qrcode_00996.png,"RQdL-7,z1ybgjpOTOv7UM:AVxnU"
qrcode_00997.png,_OqJYyFmISwIR
qrcode_00998.png,xcF69zMQw3sg7CnWbzu@p
qrcode_00999.png,pWd/AgedYwc7U/oE7
